<?xml version="1.0" encoding="UTF-8"?>
<cpe-list xmlns="http://cpe.mitre.org/dictionary/2.0">
  <generator>
    <product_name>JovalCM.com - JCA</product_name>
    <product_version>0.1</product_version>
    <schema_version>2.1</schema_version>
    <timestamp>2018-05-04T19:10:00</timestamp>
  </generator>
  <cpe-item name="cpe:/o:apple:mac_os_x:10.11.0">
    <title xml:lang="en-US">MacOS X El Capitain</title>
    <notes xml:lang="en-US">
      <note>This CPE Name represents version 10.11.X of the Apple MacIntosh OS</note>
    </notes>
    <check system="http://oval.mitre.org/XMLSchema/oval-definitions-5" href="Apple_OSX_cpe-oval.xml">oval:com.jovalcm.macos:def:1001011</check>
  </cpe-item>
  <cpe-item name="cpe:/o:apple:mac_os_x:10.12.0">
    <title xml:lang="en-US">macOS Sierra</title>
    <notes xml:lang="en-US">
      <note>This CPE Name represents version 10.12.X of the Apple MacIntosh OS</note>
    </notes>
    <check system="http://oval.mitre.org/XMLSchema/oval-definitions-5" href="Apple_OSX_cpe-oval.xml">oval:com.jovalcm.macos:def:1001012</check>
  </cpe-item>
  <cpe-item name="cpe:/o:apple:mac_os_x:10.13.0">
    <title xml:lang="en-US">macOS High Sierra</title>
    <notes xml:lang="en-US">
      <note>This CPE Name represents version 10.13.X of the Apple MacIntosh OS</note>
    </notes>
    <check system="http://oval.mitre.org/XMLSchema/oval-definitions-5" href="Apple_OSX_cpe-oval.xml">oval:com.jovalcm.macos:def:1001013</check>
  </cpe-item>
</cpe-list>

