<?xml version="1.0" encoding="UTF-8"?>
<oval_definitions xmlns="http://oval.mitre.org/XMLSchema/oval-definitions-5"
                  xmlns:xsi="http://www.w3.org/2001/XMLSchema-instance" 
                  xmlns:oval="http://oval.mitre.org/XMLSchema/oval-common-5" 
                  xmlns:oval-def="http://oval.mitre.org/XMLSchema/oval-definitions-5" 
                  xmlns:ind-def="http://oval.mitre.org/XMLSchema/oval-definitions-5#independent" 
                  xmlns:macos-def="http://oval.mitre.org/XMLSchema/oval-definitions-5#macos" 
                  xmlns:unix-def="http://oval.mitre.org/XMLSchema/oval-definitions-5#unix">
  <generator>
    <oval:product_name>JovalCM.com - JCA</oval:product_name>
    <oval:product_version>0.1</oval:product_version>
    <oval:schema_version>2.1</oval:schema_version>
    <oval:timestamp>2018-05-04T19:10:00</oval:timestamp>
  </generator>
  <definitions>
    <definition id="oval:com.jovalcm.macos:def:1001011" version="1" class="inventory">
      <metadata>
        <title>MacOS X El Capitain is installed</title>
        <affected family="macos">
          <platform>MacOS X</platform>
        </affected>
        <reference source="CPE" ref_id="cpe:2.3:o:apple:mac_os_x:10.11.0:*:*:*:*:*:*:*"/>
        <description>The operating system installed on the system is macOS El Capitain</description>
      </metadata>
      <criteria operator="AND">
        <criterion comment="The installed operating system is part of the MacOS family" test_ref="oval:org.mitre.oval:tst:42186"/>
        <criterion comment="MacOS X El Capitain is installed" test_ref="oval:com.jovalcm.macos:tst:1001011"/>
      </criteria>
    </definition>
    <definition id="oval:com.jovalcm.macos:def:1001012" version="1" class="inventory">
      <metadata>
        <title>macOS Sierra is installed</title>
        <affected family="macos">
          <platform>macOS</platform>
        </affected>
        <reference source="CPE" ref_id="cpe:2.3:o:apple:mac_os_x:10.12.0:*:*:*:*:*:*:*"/>
        <description>The operating system installed on the system is macOS Sierra</description>
      </metadata>
      <criteria operator="AND">
        <criterion comment="The installed operating system is part of the MacOS family" test_ref="oval:org.mitre.oval:tst:42186"/>
        <criterion comment="macOS Sierra is installed" test_ref="oval:com.jovalcm.macos:tst:1001012"/>
      </criteria>
    </definition>
    <definition id="oval:com.jovalcm.macos:def:1001013" version="1" class="inventory">
      <metadata>
        <title>macOS High Sierra is installed</title>
        <affected family="macos">
          <platform>macOS</platform>
        </affected>
        <reference source="CPE" ref_id="cpe:2.3:o:apple:mac_os_x:10.13.0:*:*:*:*:*:*:*"/>
        <description>The operating system installed on the system is macOS High Sierra</description>
      </metadata>
      <criteria operator="AND">
        <criterion comment="The installed operating system is part of the MacOS family" test_ref="oval:org.mitre.oval:tst:42186"/>
        <criterion comment="macOS High Sierra is installed" test_ref="oval:com.jovalcm.macos:tst:1001013"/>
      </criteria>
    </definition>
  </definitions>
  <tests>
    <ind-def:family_test id="oval:org.mitre.oval:tst:42186" version="3" check_existence="only_one_exists" check="all" comment="The Installed Operating System is Part of the Mac OS Family">
      <ind-def:object object_ref="oval:org.mitre.oval:obj:99"></ind-def:object>
      <ind-def:state state_ref="oval:org.mitre.oval:ste:12279"></ind-def:state>
    </ind-def:family_test>
    <unix-def:uname_test id="oval:com.jovalcm.macos:tst:1001011" version="1" comment="Darwin kernel version 15.0-6.X (El Capitain)" check_existence="at_least_one_exists" check="at least one">
      <unix-def:object object_ref="oval:org.mitre.oval:obj:2759"/>
      <unix-def:state state_ref="oval:com.jovalcm.macos:ste:10010110"/>
    </unix-def:uname_test>
    <unix-def:uname_test id="oval:com.jovalcm.macos:tst:1001012" version="1" comment="Darwin kernel version 16.0-6.X (Sierra)" check_existence="at_least_one_exists" check="at least one">
      <unix-def:object object_ref="oval:org.mitre.oval:obj:2759"/>
      <unix-def:state state_ref="oval:com.jovalcm.macos:ste:10010120"/>
    </unix-def:uname_test>
    <unix-def:uname_test id="oval:com.jovalcm.macos:tst:1001013" version="1" comment="Darwin kernel version 17.X.X or higher (High Sierra)" check_existence="at_least_one_exists" check="at least one">
      <unix-def:object object_ref="oval:org.mitre.oval:obj:2759"/>
      <unix-def:state state_ref="oval:com.jovalcm.macos:ste:10010130"/>
    </unix-def:uname_test>
  </tests>
  <objects>
    <ind-def:family_object id="oval:org.mitre.oval:obj:99" version="1" comment="This is the default family object. Only one family object should exist."/>
    <unix-def:uname_object comment="The single uname object." id="oval:org.mitre.oval:obj:2759" version="1" />
  </objects>
  <states>
    <ind-def:family_state id="oval:org.mitre.oval:ste:12279" version="1" comment="The operating system is part of the Mac OS family.">
      <ind-def:family>macos</ind-def:family>
    </ind-def:family_state>
    <unix-def:uname_state id="oval:com.jovalcm.macos:ste:10010110" version="1" comment="Darwin 15.0-6.X (El Capitain)">
      <unix-def:os_name>Darwin</unix-def:os_name>
      <unix-def:os_release operation="pattern match">^15\.\d+\.\d+$</unix-def:os_release>
    </unix-def:uname_state>
    <unix-def:uname_state id="oval:com.jovalcm.macos:ste:10010120" version="1" comment="Darwin 16.0-6.X (Sierra)">
      <unix-def:os_name>Darwin</unix-def:os_name>
      <unix-def:os_release operation="pattern match">^16\.\d+\.\d+$</unix-def:os_release>
    </unix-def:uname_state>
    <unix-def:uname_state id="oval:com.jovalcm.macos:ste:10010130" version="1" comment="Darwin 17.X.X (High Sierra)">
      <unix-def:os_name>Darwin</unix-def:os_name>
      <unix-def:os_release operation="pattern match">^17\.\d+\.\d+$</unix-def:os_release>
    </unix-def:uname_state>
  </states>
</oval_definitions>
