<cpe-list xmlns="http://cpe.mitre.org/dictionary/2.0" xmlns:cpe-23="http://scap.nist.gov/schema/cpe-extension/2.3" xmlns:xsi="http://www.w3.org/2001/XMLSchema-instance" xsi:schemaLocation="http://cpe.mitre.org/dictionary/2.0 http://cpe.mitre.org/files/cpe-dictionary_2.1.xsd">
    <cpe-item name="cpe:/o:microsoft:windows_server_2016">
        <title xml:lang="en-US">Microsoft Windows Server 2016</title>
        <check href="CIS_Microsoft_Windows_Server_2016_Benchmark_v1.0.0-cpe-oval.xml" system="http://oval.mitre.org/XMLSchema/oval-definitions-5">oval:org.cisecurity:def:1269</check>
        <!-- Joval: invalid CPE: <cpe-23:cpe23-item name="cpe:2.3:o:microsoft:windows_server_2016:*:*:*:*:*:*"/> -->
        <cpe-23:cpe23-item name="cpe:2.3:o:microsoft:windows_server_2016:-:*:*:*:*:*:*:*"/>
    </cpe-item>
</cpe-list>